refcode, mean, STD, min, max, median
2-58_9896_vol,367.2088,27.670974535783884,326.331,405.338,372.70450000000005
2-18_8986_vol,279.34219999999993,29.520616097229418,228.813,327.329,276.48199999999997
